<?xml version="1.0" encoding="UTF-8"?>
<project-private xmlns="http://www.netbeans.org/ns/project-private/1">
    <editor-bookmarks xmlns="http://www.netbeans.org/ns/editor-bookmarks/2" lastBookmarkId="0"/>
    <open-files xmlns="http://www.netbeans.org/ns/projectui-open-files/2">
        <group>
            <file>file:/C:/Users/murdo/OneDrive/Documentos/NetBeansProjects/SweetConnection/src/sweetconnection/CashierMenu.java</file>
            <file>file:/C:/Users/murdo/OneDrive/Documentos/NetBeansProjects/SweetConnection/src/sweetconnection/WindowShowOrder.java</file>
            <file>file:/C:/Users/murdo/OneDrive/Documentos/NetBeansProjects/SweetConnection/src/sweetconnection/admin_menu.fxml</file>
            <file>file:/C:/Users/murdo/OneDrive/Documentos/NetBeansProjects/SweetConnection/src/sweetconnection/WaiterMenu.java</file>
            <file>file:/C:/Users/murdo/OneDrive/Documentos/NetBeansProjects/SweetConnection/src/sweetconnection/cashier_menu.fxml</file>
            <file>file:/C:/Users/murdo/OneDrive/Documentos/NetBeansProjects/SweetConnection/src/sweetconnection/WindowAddOrder.java</file>
            <file>file:/C:/Users/murdo/OneDrive/Documentos/NetBeansProjects/SweetConnection/src/sweetconnection/AdministratorMenu.java</file>
            <file>file:/C:/Users/murdo/OneDrive/Documentos/NetBeansProjects/SweetConnection/src/sweetconnection/WindowAddIngre.java</file>
        </group>
    </open-files>
</project-private>
